{
  "structure": "WATER STRUCTURE OF A HYDROPHOBIC PROTEIN AT ATOMIC RESOLUTION. PENTAGON RINGS OF WATER MOLECULES IN CRYSTALS OF CRAMBIN",
  "pockets": [
    {
      "atom_indices": [
        18,
        270,
        296,
        14,
        13,
        272,
        287,
        250,
        247,
        20,
        63,
        264,
        245,
        317,
        260,
        324,
        12,
        308,
        15,
        252,
        22,
        67,
        284,
        299,
        64,
        2,
        293,
        16,
        307,
        319,
        292,
        281,
        0,
        269,
        285,
        4,
        321,
        322,
        266,
        3,
        69,
        1,
        283,
        232,
        294,
        167,
        282,
        254,
        10,
        9,
        279,
        267,
        273,
        246,
        274,
        290,
        323,
        26,
        302,
        24,
        295,
        262,
        261,
        280,
        276,
        313,
        68,
        168,
        65,
        303,
        256,
        66,
        23,
        288,
        289,
        8,
        315,
        275,
        166,
        286,
        278,
        248,
        234,
        255,
        251,
        11,
        265,
        268,
        271,
        291,
        306,
        326,
        249,
        314,
        25,
        301,
        304,
        6,
        7,
        318,
        92,
        316,
        277,
        19,
        21,
        305,
        5,
        17,
        263,
        320,
        236,
        325
      ],
      "residue_indices": [
        45,
        2,
        0,
        42,
        35,
        43,
        12,
        1,
        3,
        37,
        36,
        41,
        9,
        32,
        40,
        22,
        44,
        4,
        38,
        39,
        34
      ],
      "centroid": [
        20.903,
        7.484000000000002,
        8.578
      ],
      "volume": 365.11661484104843,
      "enclosure_ratio": 0.22840186818727665,
      "mean_hydrophobicity": -0.19285714285714278,
      "mean_sasa": 8.057944301021042,
      "mean_depth": 4.568037363745533,
      "mean_flexibility": 8.115089285714284,
      "mean_conservation": 0.0,
      "persistence_score": 1.0433482678287618,
      "hbond_donors": 27,
      "hbond_acceptors": 24,
      "druggability_score": {
        "total": 0.5876845920758315,
        "classification": "Druggable",
        "components": {
          "volume": 1.0,
          "hydro": 0.47857142857142854,
          "enclosure": 0.22840186818727665,
          "depth": 0.38288495995623484,
          "hbond": 1.0,
          "flex": 0.9188491071428572,
          "cons": 0.0,
          "topo": 1.0433482678287618
        }
      },
      "boundary_atoms": [],
      "mean_electrostatic": 0.0,
      "gnn_embedding": [],
      "gnn_druggability": 0.0
    }
  ]
}