{
  "structure": "REAL-SPACE REFINEMENT OF THE STRUCTURE OF HEN EGG-WHITE LYSOZYME",
  "pockets": [
    {
      "atom_indices": [
        138,
        733,
        1075,
        130,
        158,
        1064,
        133,
        760,
        135,
        1058,
        1086,
        159,
        767,
        100,
        137,
        167,
        122,
        168,
        222,
        109,
        123,
        143,
        162,
        175,
        178,
        220,
        734,
        99,
        149,
        179,
        111,
        169,
        174,
        121,
        144,
        151,
        708,
        1089,
        758,
        112,
        730,
        125,
        1088,
        131,
        146,
        736,
        126,
        154,
        157,
        155,
        150,
        148,
        83,
        118,
        91,
        163,
        177,
        182,
        165,
        132,
        735,
        110,
        180,
        124,
        140,
        120,
        161,
        766,
        139,
        166,
        170,
        761,
        164,
        185,
        134,
        152,
        732,
        1044,
        90,
        716,
        1057,
        1076,
        145,
        141,
        119,
        153,
        160,
        129,
        156,
        136,
        171,
        108,
        737,
        172,
        173,
        127,
        183,
        147,
        219,
        763,
        176,
        186,
        142
      ],
      "residue_indices": [
        216,
        22,
        92,
        172,
        217,
        12,
        20,
        13,
        16,
        21,
        11,
        203,
        186,
        95,
        98,
        204,
        17,
        214,
        14,
        15,
        91,
        23,
        18,
        19,
        185,
        192,
        27,
        99
      ],
      "centroid": [
        -18.061999999999998,
        22.991,
        24.857
      ],
      "volume": 455.7657025671454,
      "enclosure_ratio": 0.23083458970506485,
      "mean_hydrophobicity": -1.5757281553398068,
      "mean_sasa": 8.661057167942941,
      "mean_depth": 4.616691794101297,
      "mean_flexibility": 6.590194174757282,
      "mean_conservation": 0.0,
      "persistence_score": 1.0656921560861126,
      "hbond_donors": 20,
      "hbond_acceptors": 29,
      "druggability_score": {
        "total": 0.5608917643002468,
        "classification": "Druggable",
        "components": {
          "volume": 1.0,
          "hydro": 0.3249190938511326,
          "enclosure": 0.23083458970506485,
          "depth": 0.3867242570201866,
          "hbond": 1.0,
          "flex": 0.9340980582524272,
          "cons": 0.0,
          "topo": 1.0656921560861126
        }
      },
      "boundary_atoms": [],
      "mean_electrostatic": 0.0,
      "gnn_embedding": [],
      "gnn_druggability": 0.0
    },
    {
      "atom_indices": [
        695,
        611,
        614,
        586,
        617,
        602,
        1080,
        690,
        622,
        662,
        1053,
        1063,
        697,
        629,
        641,
        619,
        670,
        671,
        1054,
        632,
        603,
        606,
        631,
        601,
        654,
        609,
        689,
        642,
        694,
        616,
        645,
        643,
        688,
        1051,
        714,
        620,
        676,
        686,
        597,
        596,
        511,
        696,
        621,
        628,
        635,
        1094,
        615,
        674,
        653,
        638,
        669,
        584,
        612,
        715,
        585,
        513,
        627,
        693,
        521,
        623,
        512,
        639,
        608,
        1062,
        634,
        516,
        717,
        610,
        624,
        605,
        518,
        636,
        673,
        692,
        687,
        679,
        515,
        626,
        508,
        520,
        661,
        644,
        672,
        514,
        691,
        607,
        657,
        647,
        648,
        509,
        646,
        618,
        640,
        630,
        599,
        685,
        517,
        655,
        633,
        675,
        598,
        658,
        637,
        613,
        625,
        1067,
        522,
        659,
        1052,
        649,
        604,
        651,
        652,
        650,
        1002
      ],
      "residue_indices": [
        181,
        92,
        195,
        88,
        191,
        82,
        73,
        89,
        75,
        81,
        78,
        179,
        208,
        182,
        222,
        190,
        86,
        65,
        130,
        180,
        87,
        77,
        90,
        79,
        80,
        76,
        64,
        83,
        84,
        63
      ],
      "centroid": [
        -0.7286666666666642,
        2.9909999999999997,
        26.19033333333333
      ],
      "volume": 387.8802728246652,
      "enclosure_ratio": 0.19107591816032954,
      "mean_hydrophobicity": 0.14173913043478262,
      "mean_sasa": 8.196724429675342,
      "mean_depth": 3.8215183632065908,
      "mean_flexibility": 6.770521739130435,
      "mean_conservation": 0.0,
      "persistence_score": 0.730200130016259,
      "hbond_donors": 25,
      "hbond_acceptors": 31,
      "druggability_score": {
        "total": 0.5360208795600658,
        "classification": "Druggable",
        "components": {
          "volume": 1.0,
          "hydro": 0.5157487922705314,
          "enclosure": 0.09553795908016477,
          "depth": 0.3260378340791614,
          "hbond": 1.0,
          "flex": 0.9322947826086957,
          "cons": 0.0,
          "topo": 0.730200130016259
        }
      },
      "boundary_atoms": [],
      "mean_electrostatic": 0.0,
      "gnn_embedding": [],
      "gnn_druggability": 0.0
    },
    {
      "atom_indices": [
        114,
        117,
        104,
        696,
        25,
        636,
        688,
        640,
        671,
        23,
        0,
        324,
        7,
        665,
        24,
        643,
        652,
        1,
        660,
        693,
        672,
        1043,
        1040,
        679,
        613,
        6,
        1063,
        316,
        641,
        103,
        1053,
        113,
        694,
        323,
        680,
        315,
        1054,
        682,
        715,
        639,
        1051,
        666,
        659,
        714,
        663,
        673,
        677,
        674,
        616,
        633,
        669,
        683,
        1041,
        667,
        692,
        322,
        649,
        690,
        662,
        1002,
        26,
        105,
        658,
        1021,
        687,
        1080,
        697,
        651,
        614,
        314,
        653,
        675,
        686,
        668,
        106,
        678,
        685,
        1062,
        4,
        717,
        56,
        670,
        695,
        2,
        1042,
        661,
        676,
        3,
        107,
        116,
        115,
        657,
        638,
        650,
        637,
        5,
        716,
        1036,
        1045,
        691,
        1067,
        689,
        8,
        664,
        681,
        1052
      ],
      "residue_indices": [
        164,
        88,
        80,
        180,
        191,
        149,
        181,
        86,
        182,
        92,
        81,
        84,
        130,
        89,
        14,
        2,
        168,
        77,
        39,
        6,
        195,
        179,
        87,
        82,
        83,
        208,
        13,
        170,
        173,
        190,
        40,
        0,
        85,
        169,
        90,
        171
      ],
      "centroid": [
        -5.061999999999998,
        2.9909999999999997,
        15.857
      ],
      "volume": 473.2811610625545,
      "enclosure_ratio": 0.1996143035098384,
      "mean_hydrophobicity": -0.4433962264150944,