{
  "feature_dim": 70,
  "means": [
    0.2950313985347748,
    0.10313142836093903,
    0.2182714194059372,
    0.4098377823829651,
    0.4084833562374115,
    0.999987006187439,
    0.6491561532020569,
    0.5080437660217285,
    0.5117194056510925,
    0.3861313760280609,
    0.034960463643074036,
    0.11513999104499817,
    0.2668222188949585,
    0.3713558316230774,
    0.827250599861145,
    0.28788843750953674,
    0.5032230019569397,
    0.9394555687904358,
    0.5202367305755615,
    0.12751781940460205,
    0.0,
    0.0,
    0.0,
    0.0,
    0.0,
    0.0,
    0.0,
    0.0,
    0.169345885515213,
    0.699999988079071,
    0.5600000023841858,
    0.6999909281730652,
    0.2656523585319519,
    0.26563939452171326,
    0.9585132598876953,
    0.3722115159034729,
    0.20491889119148254,
    4.541766884358367e-6,
    0.16093085706233978,
    9.083533768716734e-6,
    0.0,
    0.0,
    1.0,
    0.0,
    0.0,
    0.0,
    0.0,
    0.5,
    0.44999998807907104,
    0.38253483176231384,
    0.0,
    0.0,
    0.2950313985347748,
    0.014644690789282322,
    0.03556710109114647,
    0.10313142836093903,
    0.9194512367248535,
    0.0561893954873085,
    0.9437976479530334,
    0.0040848334319889545,
    0.8787347674369812,
    0.5185153484344482,
    0.0,
    0.0,
    0.0,
    0.0,
    0.7097612619400024,
    0.3274923861026764,
    1.0,
    0.0
  ],
  "stds": [
    0.34917035698890686,
    0.14136894047260284,
    0.26125839352607727,
    0.338306188583374,
    0.2228270024061203,
    0.001018880750052631,
    0.029762553051114082,
    0.18233296275138855,
    0.21949361264705658,
    0.35517045855522156,
    0.05707167461514473,
    0.13905087113380432,
    0.22361715137958527,
    0.20257827639579773,
    0.3780611455440521,
    0.351114422082901,
    0.11352765560150146,
    0.04609033837914467,
    0.47209876775741577,
    0.036344125866889954,
    9.999999974752427e-7,
    9.999999974752427e-7,
    9.999999974752427e-7,
    9.999999974752427e-7,
    9.999999974752427e-7,
    9.999999974752427e-7,
    9.999999974752427e-7,
    9.999999974752427e-7,
    0.0598326101899147,
    9.999999974752427e-7,
    9.999999974752427e-7,
    0.0007132166065275669,
    0.046965569257736206,
    0.04677329584956169,
    0.10384587943553925,
    0.2911422550678253,
    0.169153094291687,
    0.00035660824505612254,
    0.18054914474487305,
    0.0007132164901122451,
    9.999999974752427e-7,
    9.999999974752427e-7,
    9.999999974752427e-7,
    9.999999974752427e-7,
    9.999999974752427e-7,
    9.999999974752427e-7,
    9.999999974752427e-7,
    9.999999974752427e-7,
    9.999999974752427e-7,
    0.3179033696651459,
    9.999999974752427e-7,
    9.999999974752427e-7,
    0.34917035698890686,
    0.024335011839866638,
    0.021632634103298187,
    0.14136894047260284,
    1.4657233953475952,
    0.11453241109848022,
    0.11453057080507278,
    0.0022282700520008802,
    0.14149999618530273,
    0.30179736018180847,
    9.999999974752427e-7,
    9.999999974752427e-7,
    9.999999974752427e-7,
    9.999999974752427e-7,
    0.007358372677117586,
    0.27080008387565613,
    9.999999974752427e-7,
    9.999999974752427e-7
  ]
}