{
  "model_type": "XGBoost",
  "n_features": 14,
  "feature_indices": [
    20,
    36,
    31,
    78,
    76,
    79,
    64,
    65,
    69,
    70,
    71,
    84,
    85,
    86
  ],
  "n_train": 136,
  "n_test": 34,
  "metrics": {
    "train": {
      "auprc": 0.9613362485129835,
      "auroc": 0.9588744588744589,
      "spearman_rho": 0.6858794231241792
    },
    "test": {
      "auprc": 0.5411696169402456,
      "auroc": 0.5526315789473685,
      "spearman_rho": -0.028115211328138247
    }
  },
  "evescape_comparison": {
    "evescape_auprc": 0.53,
    "prism_auprc": 0.5411696169402456,
    "delta": 0.011169616940245541,
    "percent_improvement": 2.1074748943859514,
    "beats_evescape": true
  },
  "feature_importance": [
    [
      78,
      3.9168636798858643
    ],
    [
      79,
      3.132957696914673
    ],
    [
      69,
      3.0821990966796875
    ],
    [
      31,
      3.038733720779419
    ],
    [
      84,
      2.627629041671753
    ],
    [
      76,
      2.4517407417297363
    ],
    [
      70,
      1.9423673152923584
    ],
    [
      86,
      1.8453727960586548
    ],
    [
      85,
      1.616098165512085
    ],
    [
      71,
      1.5019725561141968
    ],
    [
      20,
      0.0
    ],
    [
      36,
      0.0
    ],
    [
      64,
      0.0
    ],
    [
      65,
      0.0
    ]
  ]
}