{
  "xgboost": {
    "auc": 0.7122712084127999,
    "f1": 0.054788258725960756,
    "precision": 0.02928651214744485,
    "recall": 0.42395149065184434,
    "threshold": 0.31868064403533936
  },
  "random_forest": {
    "auc": 0.707875836170262,
    "f1": 0.05359607422174513,
    "precision": 0.028998133167392658,
    "recall": 0.3532086912582112,
    "threshold": 0.30920353296273506
  },
  "test_results": {
    "ensemble": {
      "auc": 0.7127090799111437,
      "f1": 0.054675896790434234,
      "precision": 0.02877126053091718,
      "recall": 0.5487620010106115,
      "threshold": 0.2644437637707393
    }
  },
  "config": {
    "train_samples": 1014137,
    "test_samples": 244632,
    "features": 70,
    "imbalance_ratio": 62.05645712864516
  }
}