{
  "structure": "HUMAN 17-BETA-HYDROXYSTEROID-DEHYDROGENASE TYPE 1 C-TERMINAL DELETION MUTANT COMPLEXED WITH ESTRADIOL AND NADP+",
  "num_atoms": 2406,
  "pockets": [
    {
      "rank": 1,
      "centroid": [
        17.129880597014925,
        -7.802805970149254,
        -13.445492537313433
      ],
      "volume": 3801.914369316,
      "druggability": 0.6484822988510132,
      "num_residues": 9,
      "residue_indices": [
        192,
        193,
        194,
        195,
        196,
        197,
        198,
        199,
        200
      ]
    }
  ]
}