{
  "structure": "ASPARTATE TRANSCARBAMOYLASE COMPLEXED WITH N-PHOSPHONACETYL-L- ASPARTATE (PALA)",
  "num_atoms": 7883,
  "pockets": [
    {
      "rank": 1,
      "centroid": [
        17.600720720720716,
        73.91178378378378,
        30.77836936936935
      ],
      "volume": 34201.112488607985,
      "druggability": 0.6095756828784943,
      "num_residues": 15,
      "residue_indices": [
        318,
        320,
        323,
        324,
        326,
        328,
        329,
        353,
        355,
        357,
        359,
        360,
        388,
        414,
        456
      ]
    }
  ]
}