{
  "structure": "HUMAN ANDROGEN RECEPTOR LIGAND BINDING IN COMPLEX WITH THE LIGAND METRIBOLONE (R1881)",
  "num_atoms": 2090,
  "pockets": [
    {
      "rank": 1,
      "centroid": [
        10.748062500000001,
        17.921026785714286,
        13.023178571428572
      ],
      "volume": 26792.711494020004,
      "druggability": 0.6114745378494263,
      "num_residues": 14,
      "residue_indices": [
        1,
        2,
        3,
        4,
        39,
        40,
        41,
        69,
        81,
        129,
        130,
        131,
        132,
        133
      ]
    }
  ]
}