{
  "structure": "APO SACCHAROPINE REDUCTASE FROM MAGNAPORTHE GRISEA",
  "num_atoms": 7055,
  "pockets": [
    {
      "rank": 1,
      "centroid": [
        34.20608403361344,
        23.46654201680671,
        128.3102689075631
      ],
      "volume": 261369.7211286001,
      "druggability": 0.6005273401737212,
      "num_residues": 30,
      "residue_indices": [
        1,
        2,
        35,
        43,
        196,
        259,
        261,
        263,
        264,
        290,
        291,
        292,
        293,
        294,
        295,
        296,
        322,
        323,
        324,
        325,
        326,
        328,
        331,
        448,
        450,
        481,
        483,
        484,
        485,
        502
      ]
    }
  ]
}