{
  "structure": "THREE DIMENSIONAL STRUCTURE OF THE TERNARY COMPLEX OF CORYNEBACTERIUM GLUTAMICUM DIAMINOPIMELATE DEHYDROGENASE NADPH-L-2-AMINO-6-METHYLENE- PIMELATE",
  "num_atoms": 5175,
  "pockets": [
    {
      "rank": 1,
      "centroid": [
        19.77525,
        39.54440000000001,
        24.674675000000004
      ],
      "volume": 51840.109367009994,
      "druggability": 0.6037468016147614,
      "num_residues": 5,
      "residue_indices": [
        289,
        320,
        360,
        419,
        456
      ]
    }
  ]
}