{
  "structure": "CRYSTAL STRUCTURE OF THE HUMAN RXR ALPHA LIGAND BINDING DOMAIN BOUND TO 9-CIS RETINOIC ACID",
  "num_atoms": 3625,
  "pockets": [
    {
      "rank": 1,
      "centroid": [
        30.082455197132628,
        33.58318279569894,
        20.093501792114694
      ],
      "volume": 204241.94106078,
      "druggability": 0.6065402388572693,
      "num_residues": 37,
      "residue_indices": [
        0,
        4,
        5,
        98,
        100,
        163,
        164,
        203,
        207,
        228,
        229,
        230,
        231,
        232,
        233,
        234,
        260,
        261,
        290,
        291,
        298,
        323,
        324,
        325,
        326,
        347,
        354,
        355,
        357,
        358,
        384,
        386,
        387,
        388,
        416,
        418,
        425
      ]
    }
  ]
}